{"cameraMode":{"drawMode":0,"name":"Shaded","section":"Shading Mode"},"sceneLighting":false,"audioPlay":false,"sceneViewState":{"m_AlwaysRefresh":false,"showFog":true,"showSkybox":false,"showFlares":true,"showImageEffects":true,"showParticleSystems":true,"showVisualEffectGraphs":true,"m_FxEnabled":true},"in2DMode":false,"pivot":{"x":-1.6443729400634766,"y":1.4199204444885255,"z":1.0033574104309083},"rotation":{"x":0.19873081147670747,"y":0.5803139805793762,"z":-0.14867961406707765,"w":0.7756739258766174},"size":2.484611749649048,"orthographic":false}